Label,Pixel  in mm
Patient00168_Plane3_1_of_3.png,0.174155347
Patient00168_Plane3_2_of_3.png,0.223914017
Patient00188_Plane3_1_of_3.png,0.142490738
Patient00216_Plane3_1_of_5.png,0.119617225
Patient00216_Plane3_3_of_5.png,0.146627566
Patient00216_Plane3_5_of_5.png,0.181818182
Patient00305_Plane3_2_of_5.png,0.131406045
Patient00305_Plane3_3_of_5.png,0.134680135
Patient00305_Plane3_5_of_5.png,0.13394053
Patient00627_Plane3_1_of_1.png,0.174398326
Patient00628_Plane3_1_of_1.png,0.165837479
Patient00629_Plane3_1_of_1.png,0.173913043
Patient00631_Plane3_1_of_1.png,0.19138756
Patient00642_Plane3_1_of_1.png,0.195694716
Patient00643_Plane3_1_of_1.png,0.180570603
Patient00644_Plane3_3_of_3.png,0.119617225
Patient00646_Plane3_1_of_1.png,0.21141649
Patient00647_Plane3_1_of_1.png,0.187969925
Patient00648_Plane3_1_of_1.png,0.163666121
Patient00649_Plane3_1_of_1.png,0.15625
Patient00651_Plane3_1_of_1.png,0.185185185
Patient00653_Plane3_1_of_1.png,0.140646976
Patient00654_Plane3_1_of_1.png,0.166666667
Patient00655_Plane3_1_of_1.png,0.170940171
Patient00658_Plane3_1_of_1.png,0.158730159
Patient00659_Plane3_1_of_1.png,0.244798042
Patient00665_Plane3_1_of_1.png,0.202020202
Patient00666_Plane3_1_of_1.png,0.199203187
Patient00669_Plane3_1_of_1.png,0.21141649
Patient00670_Plane3_1_of_1.png,0.155520995
Patient00671_Plane3_1_of_1.png,0.206185567
Patient00672_Plane3_1_of_1.png,0.185185185
Patient00673_Plane3_1_of_1.png,0.215982721
Patient00676_Plane3_1_of_1.png,0.215982721
Patient00678_Plane3_1_of_1.png,0.190694127
Patient00682_Plane3_1_of_3.png,0.197628458
Patient00682_Plane3_2_of_3.png,0.171526587
Patient00682_Plane3_3_of_3.png,0.197628458
Patient00683_Plane3_1_of_2.png,0.181818182
Patient00683_Plane3_2_of_2.png,0.181818182
Patient00684_Plane3_1_of_3.png,0.181818182
Patient00685_Plane3_1_of_3.png,0.181818182
Patient00685_Plane3_2_of_3.png,0.151515152
Patient00685_Plane3_3_of_3.png,0.151515152
Patient00686_Plane3_1_of_1.png,0.184501845
Patient00690_Plane3_1_of_4.png,0.162337662
Patient00690_Plane3_4_of_4.png,0.146627566
Patient00691_Plane3_1_of_1.png,0.233100233
Patient00692_Plane3_1_of_5.png,0.178253119
Patient00692_Plane3_2_of_5.png,0.198807157
Patient00692_Plane3_5_of_5.png,0.17211704
Patient00693_Plane3_1_of_3.png,0.174825175
Patient00693_Plane3_2_of_3.png,0.181818182
Patient00693_Plane3_3_of_3.png,0.156739812
Patient00694_Plane3_1_of_3.png,0.181818182
Patient00695_Plane3_1_of_4.png,0.20661157
Patient00695_Plane3_2_of_4.png,0.174825175
Patient00695_Plane3_3_of_4.png,0.156739812
Patient00695_Plane3_4_of_4.png,0.156739812
Patient00697_Plane3_1_of_7.png,0.220994475
Patient00697_Plane3_2_of_7.png,0.184501845
Patient00697_Plane3_3_of_7.png,0.18018018
Patient00697_Plane3_4_of_7.png,0.192307692
Patient00697_Plane3_5_of_7.png,0.173913043
Patient00697_Plane3_6_of_7.png,0.192938453
Patient00697_Plane3_7_of_7.png,0.188146754
Patient00698_Plane3_1_of_3.png,0.181488203
Patient00698_Plane3_2_of_3.png,0.15625
Patient00698_Plane3_3_of_3.png,0.175284838
Patient00699_Plane3_1_of_4.png,0.156739812
Patient00699_Plane3_2_of_4.png,0.156739812
Patient00699_Plane3_4_of_4.png,0.146627566
Patient00700_Plane3_1_of_2.png,0.162337662
Patient00701_Plane3_1_of_1.png,0.142045455
Patient00703_Plane3_1_of_1.png,0.198807157
Patient00704_Plane3_1_of_5.png,0.181818182
Patient00704_Plane3_3_of_5.png,0.162337662
Patient00704_Plane3_5_of_5.png,0.162337662
Patient00705_Plane3_1_of_3.png,0.168350168
Patient00705_Plane3_2_of_3.png,0.168350168
Patient00705_Plane3_3_of_3.png,0.151515152
Patient00706_Plane3_1_of_5.png,0.197628458
Patient00706_Plane3_2_of_5.png,0.174825175
Patient00706_Plane3_3_of_5.png,0.174825175
Patient00706_Plane3_4_of_5.png,0.174825175
Patient00707_Plane3_2_of_7.png,0.162337662
Patient00707_Plane3_3_of_7.png,0.168350168
Patient00707_Plane3_4_of_7.png,0.168350168
Patient00707_Plane3_5_of_7.png,0.146627566
Patient00707_Plane3_6_of_7.png,0.142045455
Patient00707_Plane3_7_of_7.png,0.146627566
Patient00708_Plane3_1_of_6.png,0.151194436
Patient00708_Plane3_2_of_6.png,0.148898154
Patient00708_Plane3_3_of_6.png,0.131406045
Patient00708_Plane3_4_of_6.png,0.17167382
Patient00708_Plane3_6_of_6.png,0.128040973
Patient00709_Plane3_1_of_3.png,0.149031297
Patient00709_Plane3_3_of_3.png,0.148765248
Patient00710_Plane3_1_of_6.png,0.17809439
Patient00710_Plane3_2_of_6.png,0.140548138
Patient00710_Plane3_5_of_6.png,0.142653352
Patient00710_Plane3_6_of_6.png,0.15128593
Patient00711_Plane3_1_of_1.png,0.185528757
Patient00712_Plane3_1_of_4.png,0.267379679
Patient00712_Plane3_2_of_4.png,0.156739812
Patient00713_Plane3_3_of_4.png,0.151515152
Patient00713_Plane3_4_of_4.png,0.151515152
Patient00714_Plane3_1_of_8.png,0.105708245
Patient00714_Plane3_4_of_8.png,0.115074799
Patient00714_Plane3_6_of_8.png,0.119617225
Patient00716_Plane3_1_of_6.png,0.154083205
Patient00716_Plane3_4_of_6.png,0.171526587
Patient00717_Plane3_2_of_3.png,0.151515152
Patient00718_Plane3_1_of_5.png,0.162337662
Patient00718_Plane3_2_of_5.png,0.174825175
Patient00718_Plane3_3_of_5.png,0.174825175
Patient00718_Plane3_4_of_5.png,0.174825175
Patient00719_Plane3_1_of_2.png,0.184399779
Patient00719_Plane3_2_of_2.png,0.200601805
Patient00720_Plane3_2_of_2.png,0.12539185
Patient00721_Plane3_1_of_3.png,0.202244919
Patient00722_Plane3_1_of_5.png,0.168350168
Patient00722_Plane3_2_of_5.png,0.168350168
Patient00722_Plane3_3_of_5.png,0.146627566
Patient00723_Plane3_1_of_4.png,0.189393939
Patient00723_Plane3_2_of_4.png,0.189393939
Patient00723_Plane3_4_of_4.png,0.168350168
Patient00724_Plane3_2_of_3.png,0.158102767
Patient00724_Plane3_3_of_3.png,0.177935943
Patient00725_Plane3_1_of_4.png,0.090009001
Patient00725_Plane3_4_of_4.png,0.090009001
Patient00726_Plane3_2_of_3.png,0.106951872
Patient00726_Plane3_3_of_3.png,0.106951872
Patient00729_Plane3_2_of_3.png,0.151240169
Patient00730_Plane3_2_of_2.png,0.193423598
Patient00731_Plane3_3_of_4.png,0.09569378
Patient00731_Plane3_4_of_4.png,0.09569378
Patient00732_Plane3_1_of_3.png,0.185528757
Patient00732_Plane3_2_of_3.png,0.185528757
Patient00732_Plane3_3_of_3.png,0.185528757
Patient00733_Plane3_1_of_4.png,0.178253119
Patient00733_Plane3_2_of_4.png,0.178253119
Patient00733_Plane3_3_of_4.png,0.178253119
Patient00733_Plane3_4_of_4.png,0.178253119
Patient00734_Plane3_1_of_1.png,0.22172949
Patient00736_Plane3_2_of_5.png,0.146627566
Patient00738_Plane3_3_of_4.png,0.12539185
Patient00739_Plane3_1_of_3.png,0.156739812
Patient00739_Plane3_2_of_3.png,0.232207129
Patient00739_Plane3_3_of_3.png,0.223788743
Patient00740_Plane3_1_of_3.png,0.202244919
Patient00740_Plane3_2_of_3.png,0.202020202
Patient00742_Plane3_1_of_4.png,0.09478673
Patient00743_Plane3_1_of_2.png,0.181818182
Patient00743_Plane3_2_of_2.png,0.149031297
Patient00744_Plane3_2_of_2.png,0.185528757
Patient00745_Plane3_1_of_3.png,0.13568521
Patient00745_Plane3_2_of_3.png,0.13568521
Patient00745_Plane3_3_of_3.png,0.13568521
Patient00746_Plane3_6_of_6.png,0.106951872
Patient00747_Plane3_2_of_3.png,0.149031297
Patient00748_Plane3_1_of_2.png,0.171526587
Patient00749_Plane3_1_of_4.png,0.115074799
Patient00749_Plane3_4_of_4.png,0.116550117
Patient00750_Plane3_1_of_3.png,0.195924765
Patient00750_Plane3_3_of_3.png,0.208986416
Patient00752_Plane3_2_of_3.png,0.174155347
Patient00752_Plane3_3_of_3.png,0.142490738
Patient00754_Plane3_3_of_3.png,0.108096422
Patient00755_Plane3_1_of_2.png,0.185528757
Patient00755_Plane3_2_of_2.png,0.185528757
Patient00756_Plane3_1_of_3.png,0.105708245
Patient00757_Plane3_1_of_3.png,0.178253119
Patient00757_Plane3_2_of_3.png,0.178253119
Patient00757_Plane3_3_of_3.png,0.178253119
Patient00758_Plane3_2_of_3.png,0.10178117
Patient00759_Plane3_4_of_4.png,0.107135205
Patient00760_Plane3_1_of_4.png,0.202020202
Patient00760_Plane3_2_of_4.png,0.202020202
Patient00760_Plane3_4_of_4.png,0.202020202
Patient00761_Plane3_1_of_3.png,0.185528757
Patient00761_Plane3_2_of_3.png,0.142045455
Patient00763_Plane3_1_of_3.png,0.233100233
Patient00763_Plane3_2_of_3.png,0.233100233
Patient00763_Plane3_3_of_3.png,0.233100233
Patient00764_Plane3_4_of_6.png,0.092764378
Patient00764_Plane3_6_of_6.png,0.09469697
Patient00765_Plane3_4_of_6.png,0.115074799
Patient00766_Plane3_3_of_3.png,0.097799511
Patient00767_Plane3_1_of_3.png,0.20661157
Patient00767_Plane3_2_of_3.png,0.20661157
Patient00767_Plane3_3_of_3.png,0.20661157
Patient00768_Plane3_2_of_3.png,0.160758781
Patient00769_Plane3_1_of_3.png,0.101020305
Patient00769_Plane3_2_of_3.png,0.1
Patient00770_Plane3_1_of_3.png,0.216192844
Patient00770_Plane3_2_of_3.png,0.208986416
Patient00772_Plane3_1_of_3.png,0.174155347
Patient00772_Plane3_2_of_3.png,0.149276011
Patient00775_Plane3_1_of_3.png,0.174825175
Patient00775_Plane3_2_of_3.png,0.146627566
Patient00775_Plane3_3_of_3.png,0.162337662
Patient00776_Plane3_1_of_6.png,0.163934426
Patient00776_Plane3_2_of_6.png,0.162601626
Patient00776_Plane3_4_of_6.png,0.191204589
Patient00776_Plane3_5_of_6.png,0.165837479
Patient00776_Plane3_6_of_6.png,0.206185567
Patient00777_Plane3_1_of_3.png,0.156739812
Patient00778_Plane3_1_of_5.png,0.109529025
Patient00778_Plane3_4_of_5.png,0.108225108
Patient00779_Plane3_2_of_3.png,0.115074799
Patient00779_Plane3_3_of_3.png,0.115074799
Patient00780_Plane3_1_of_1.png,0.174825175
Patient00781_Plane3_2_of_2.png,0.119617225
Patient00783_Plane3_1_of_5.png,0.102145046
Patient00783_Plane3_3_of_5.png,0.103305785
Patient00783_Plane3_4_of_5.png,0.119617225
Patient00784_Plane3_1_of_2.png,0.23923445
Patient00784_Plane3_2_of_2.png,0.23923445
Patient00786_Plane3_1_of_3.png,0.103305785
Patient00787_Plane3_1_of_2.png,0.081168831
Patient00787_Plane3_2_of_2.png,0.081168831
Patient00789_Plane3_1_of_3.png,0.094993825
Patient00789_Plane3_2_of_3.png,0.094993825
Patient00790_Plane3_4_of_5.png,0.108225108
Patient00790_Plane3_5_of_5.png,0.109529025
Patient00791_Plane3_1_of_3.png,0.115074799
Patient00791_Plane3_2_of_3.png,0.115074799
Patient00793_Plane3_1_of_2.png,0.119617225
Patient00794_Plane3_1_of_3.png,0.208986416
Patient00794_Plane3_2_of_3.png,0.149276011
Patient00795_Plane3_1_of_2.png,0.105263158
Patient00797_Plane3_1_of_3.png,0.195924765
Patient00797_Plane3_3_of_3.png,0.149276011
Patient00798_Plane3_2_of_2.png,0.202244919
Patient00799_Plane3_3_of_3.png,0.103305785
Patient00803_Plane3_2_of_5.png,0.13568521
Patient00804_Plane3_3_of_5.png,0.106951872
Patient00805_Plane3_1_of_2.png,0.165289256
Patient00805_Plane3_2_of_2.png,0.165289256
Patient00806_Plane3_3_of_4.png,0.121212121
Patient00806_Plane3_4_of_4.png,0.119760479
Patient00807_Plane3_2_of_5.png,0.13368984
Patient00808_Plane3_1_of_2.png,0.202020202
Patient00808_Plane3_2_of_2.png,0.202020202
Patient00809_Plane3_2_of_3.png,0.097962382
Patient00810_Plane3_1_of_2.png,0.108401084
Patient00811_Plane3_1_of_5.png,0.158730159
Patient00811_Plane3_3_of_5.png,0.160758781
Patient00811_Plane3_4_of_5.png,0.142490738
Patient00811_Plane3_5_of_5.png,0.216192844
Patient00812_Plane3_1_of_3.png,0.174155347
Patient00812_Plane3_3_of_3.png,0.174155347
Patient00813_Plane3_1_of_3.png,0.195924765
Patient00813_Plane3_2_of_3.png,0.195924765
Patient00813_Plane3_3_of_3.png,0.189987651
Patient00814_Plane3_1_of_3.png,0.195924765
Patient00814_Plane3_2_of_3.png,0.195924765
Patient00815_Plane3_1_of_3.png,0.171526587
Patient00815_Plane3_2_of_3.png,0.175131349
Patient00816_Plane3_1_of_6.png,0.225988701
Patient00816_Plane3_2_of_6.png,0.224719101
Patient00816_Plane3_3_of_6.png,0.184162063
Patient00816_Plane3_6_of_6.png,0.164609053
Patient00817_Plane3_1_of_2.png,0.146627566
Patient00819_Plane3_1_of_4.png,0.103305785
Patient00820_Plane3_1_of_3.png,0.178253119
Patient00820_Plane3_3_of_3.png,0.178253119
Patient00821_Plane3_1_of_3.png,0.185528757
Patient00822_Plane3_1_of_6.png,0.097751711
Patient00822_Plane3_3_of_6.png,0.097751711
Patient00822_Plane3_6_of_6.png,0.106951872
Patient00823_Plane3_4_of_4.png,0.103305785
Patient00824_Plane3_1_of_3.png,0.21141649
Patient00824_Plane3_2_of_3.png,0.21141649
Patient00824_Plane3_3_of_3.png,0.21141649
Patient00825_Plane3_2_of_2.png,0.105708245
Patient00826_Plane3_4_of_5.png,0.119617225
Patient00826_Plane3_5_of_5.png,0.119617225
Patient00827_Plane3_1_of_3.png,0.185528757
Patient00827_Plane3_2_of_3.png,0.185528757
Patient00829_Plane3_2_of_5.png,0.102145046
Patient00829_Plane3_3_of_5.png,0.102145046
Patient00830_Plane3_1_of_3.png,0.0999001
Patient00830_Plane3_3_of_3.png,0.098814229
Patient00832_Plane3_3_of_3.png,0.11399259
Patient00833_Plane3_1_of_2.png,0.195924765
Patient00833_Plane3_2_of_2.png,0.149276011
Patient00834_Plane3_1_of_3.png,0.121580547
Patient00835_Plane3_1_of_3.png,0.108096422
Patient00836_Plane3_1_of_1.png,0.21353833
Patient00837_Plane3_2_of_7.png,0.142045455
Patient00837_Plane3_3_of_7.png,0.156739812
Patient00837_Plane3_6_of_7.png,0.142045455
Patient00838_Plane3_1_of_4.png,0.142045455
Patient00838_Plane3_2_of_4.png,0.142045455
Patient00838_Plane3_3_of_4.png,0.142045455
Patient00839_Plane3_1_of_4.png,0.168350168
Patient00839_Plane3_3_of_4.png,0.151515152
Patient00839_Plane3_4_of_4.png,0.146627566
Patient00840_Plane3_2_of_3.png,0.173913043
Patient00840_Plane3_3_of_3.png,0.174825175
Patient00841_Plane3_1_of_1.png,0.149031297
Patient00842_Plane3_1_of_2.png,0.245700246
Patient00842_Plane3_2_of_2.png,0.245700246
Patient00843_Plane3_2_of_6.png,0.118063754
Patient00843_Plane3_6_of_6.png,0.119617225
Patient00845_Plane3_1_of_2.png,0.156739812
Patient00845_Plane3_2_of_2.png,0.156739812
Patient00846_Plane3_1_of_2.png,0.202020202
Patient00847_Plane3_3_of_4.png,0.116550117
Patient00848_Plane3_3_of_4.png,0.101010101
Patient00849_Plane3_1_of_3.png,0.110864745
Patient00849_Plane3_3_of_3.png,0.110864745
Patient00850_Plane3_1_of_4.png,0.162337662
Patient00850_Plane3_3_of_4.png,0.115074799
Patient00852_Plane3_1_of_3.png,0.097962382
Patient00853_Plane3_1_of_3.png,0.174155347
Patient00856_Plane3_1_of_2.png,0.208986416
Patient00856_Plane3_2_of_2.png,0.145804476
Patient00857_Plane3_1_of_1.png,0.09569378
Patient00858_Plane3_2_of_3.png,0.193423598
Patient00860_Plane3_1_of_3.png,0.185528757
Patient00860_Plane3_2_of_3.png,0.185528757
Patient00860_Plane3_3_of_3.png,0.185528757
Patient00861_Plane3_1_of_4.png,0.13986014
Patient00862_Plane3_2_of_2.png,0.20661157
Patient00863_Plane3_3_of_3.png,0.084175084
Patient00864_Plane3_1_of_2.png,0.171526587
Patient00864_Plane3_2_of_2.png,0.171526587
Patient00867_Plane3_2_of_3.png,0.160758781
Patient00868_Plane3_1_of_2.png,0.232207129
Patient00868_Plane3_2_of_2.png,0.202244919
Patient00869_Plane3_1_of_3.png,0.158730159
Patient00869_Plane3_2_of_3.png,0.13061651
Patient00870_Plane3_3_of_5.png,0.156739812
Patient00870_Plane3_4_of_5.png,0.160758781
Patient00871_Plane3_1_of_4.png,0.195924765
Patient00871_Plane3_2_of_4.png,0.149276011
Patient00871_Plane3_3_of_4.png,0.149276011
Patient00872_Plane3_1_of_2.png,0.195924765
Patient00872_Plane3_2_of_2.png,0.174155347
Patient00874_Plane3_1_of_2.png,0.160758781
Patient00874_Plane3_2_of_2.png,0.133395585
Patient00875_Plane3_1_of_3.png,0.11299435
Patient00877_Plane3_1_of_2.png,0.178253119
Patient00877_Plane3_2_of_2.png,0.178253119
Patient00878_Plane3_1_of_2.png,0.185528757
Patient00878_Plane3_2_of_2.png,0.185528757
Patient00879_Plane3_1_of_4.png,0.146627566
Patient00879_Plane3_2_of_4.png,0.146627566
Patient00879_Plane3_3_of_4.png,0.13568521
Patient00880_Plane3_1_of_2.png,0.090909091
Patient00882_Plane3_1_of_3.png,0.165289256
Patient00882_Plane3_2_of_3.png,0.165289256
Patient00882_Plane3_3_of_3.png,0.129449838
Patient00884_Plane3_1_of_3.png,0.098814229
Patient00884_Plane3_2_of_3.png,0.0999001
Patient00885_Plane3_1_of_3.png,0.185528757
Patient00885_Plane3_2_of_3.png,0.185528757
Patient00885_Plane3_3_of_3.png,0.193423598
Patient00886_Plane3_2_of_2.png,0.197628458
Patient00889_Plane3_1_of_1.png,0.094993825
Patient00891_Plane3_1_of_3.png,0.156739812
Patient00891_Plane3_2_of_3.png,0.116103564
Patient00892_Plane3_1_of_3.png,0.195924765
Patient00892_Plane3_2_of_3.png,0.208986416
Patient00893_Plane3_1_of_2.png,0.208986416
Patient00893_Plane3_2_of_2.png,0.195924765
Patient00894_Plane3_1_of_6.png,0.162337662
Patient00894_Plane3_2_of_6.png,0.162337662
Patient00894_Plane3_3_of_6.png,0.162337662
Patient00894_Plane3_4_of_6.png,0.197628458
Patient00894_Plane3_5_of_6.png,0.189393939
Patient00896_Plane3_1_of_3.png,0.110864745
Patient00896_Plane3_2_of_3.png,0.0999001
Patient00896_Plane3_3_of_3.png,0.0999001
Patient00898_Plane3_1_of_2.png,0.181818182
Patient00898_Plane3_2_of_2.png,0.181818182
Patient00899_Plane3_4_of_4.png,0.189393939
Patient00902_Plane3_4_of_5.png,0.162337662
Patient00904_Plane3_4_of_4.png,0.13986014
Patient00906_Plane3_1_of_3.png,0.108096422
Patient00907_Plane3_1_of_1.png,0.115942029
Patient00908_Plane3_1_of_2.png,0.202244919
Patient00908_Plane3_2_of_2.png,0.202244919
Patient00909_Plane3_1_of_6.png,0.195924765
Patient00909_Plane3_2_of_6.png,0.195924765
Patient00909_Plane3_4_of_6.png,0.195924765
Patient00909_Plane3_5_of_6.png,0.195924765
Patient00910_Plane3_1_of_3.png,0.108096422
Patient00911_Plane3_1_of_3.png,0.184399779
Patient00913_Plane3_1_of_3.png,0.159489633
Patient00914_Plane3_1_of_4.png,0.105708245
Patient00914_Plane3_2_of_4.png,0.146627566
Patient00916_Plane3_1_of_3.png,0.189393939
Patient00916_Plane3_2_of_3.png,0.21141649
Patient00916_Plane3_3_of_3.png,0.21141649
Patient00917_Plane3_1_of_5.png,0.118063754
Patient00917_Plane3_2_of_5.png,0.115074799
Patient00917_Plane3_4_of_5.png,0.112233446
Patient00920_Plane3_1_of_2.png,0.202020202
Patient00920_Plane3_2_of_2.png,0.202020202
Patient00921_Plane3_2_of_3.png,0.13568521
Patient00924_Plane3_1_of_2.png,0.097962382
Patient00925_Plane3_1_of_2.png,0.108412836
Patient00926_Plane3_3_of_4.png,0.189987651
Patient00926_Plane3_4_of_4.png,0.195924765
Patient00928_Plane3_1_of_9.png,0.174825175
Patient00928_Plane3_2_of_9.png,0.162337662
Patient00928_Plane3_3_of_9.png,0.162337662
Patient00928_Plane3_5_of_9.png,0.151515152
Patient00928_Plane3_6_of_9.png,0.174825175
Patient00928_Plane3_8_of_9.png,0.168350168
Patient00929_Plane3_1_of_8.png,0.181818182
Patient00929_Plane3_2_of_8.png,0.174825175
Patient00929_Plane3_3_of_8.png,0.162337662
Patient00929_Plane3_5_of_8.png,0.137741047
Patient00929_Plane3_7_of_8.png,0.137741047
Patient00929_Plane3_8_of_8.png,0.13368984
Patient00930_Plane3_1_of_6.png,0.178412132
Patient00930_Plane3_5_of_6.png,0.142450142
Patient00931_Plane3_1_of_2.png,0.178253119
Patient00931_Plane3_2_of_2.png,0.162337662
Patient00933_Plane3_2_of_4.png,0.109529025
Patient00934_Plane3_1_of_2.png,0.165289256
Patient00934_Plane3_2_of_2.png,0.165289256
Patient00935_Plane3_1_of_1.png,0.094117647
Patient00936_Plane3_1_of_1.png,0.084175084
Patient00937_Plane3_1_of_1.png,0.101122459
Patient00938_Plane3_1_of_1.png,0.097962382
Patient00939_Plane3_1_of_2.png,0.195924765
Patient00940_Plane3_2_of_2.png,0.197628458
Patient00945_Plane3_1_of_4.png,0.097751711
Patient00948_Plane3_1_of_3.png,0.171526587
Patient00948_Plane3_2_of_3.png,0.162337662
Patient00948_Plane3_3_of_3.png,0.171526587
Patient00949_Plane3_1_of_2.png,0.156739812
Patient00950_Plane3_2_of_5.png,0.105708245
Patient00950_Plane3_3_of_5.png,0.129449838
Patient00951_Plane3_1_of_3.png,0.146627566
Patient00951_Plane3_3_of_3.png,0.162337662
Patient00953_Plane3_1_of_3.png,0.160436387
Patient00953_Plane3_2_of_3.png,0.161121405
Patient00954_Plane3_1_of_2.png,0.106264279
Patient00955_Plane3_2_of_3.png,0.087077673
Patient00955_Plane3_3_of_3.png,0.12539185
Patient00957_Plane3_1_of_3.png,0.184399779
Patient00957_Plane3_2_of_3.png,0.145804476
Patient00958_Plane3_1_of_6.png,0.156739812
Patient00958_Plane3_2_of_6.png,0.156739812
Patient00958_Plane3_3_of_6.png,0.151515152
Patient00958_Plane3_4_of_6.png,0.151515152
Patient00958_Plane3_5_of_6.png,0.156739812
Patient00959_Plane3_1_of_4.png,0.168350168
Patient00959_Plane3_2_of_4.png,0.168350168
Patient00959_Plane3_4_of_4.png,0.146627566
Patient00960_Plane3_1_of_3.png,0.169204738
Patient00960_Plane3_3_of_3.png,0.142348754
Patient00961_Plane3_1_of_4.png,0.156739812
Patient00961_Plane3_3_of_4.png,0.146627566
Patient00961_Plane3_4_of_4.png,0.146627566
Patient00962_Plane3_2_of_5.png,0.173913043
Patient00962_Plane3_5_of_5.png,0.151515152
Patient00964_Plane3_2_of_4.png,0.116550117
Patient00966_Plane3_1_of_2.png,0.168350168
Patient00967_Plane3_1_of_5.png,0.118063754
Patient00967_Plane3_3_of_5.png,0.116550117
Patient00967_Plane3_4_of_5.png,0.116550117
Patient00967_Plane3_5_of_5.png,0.114771032
Patient00968_Plane3_1_of_1.png,0.171526587
Patient00969_Plane3_2_of_4.png,0.090009001
Patient00969_Plane3_3_of_4.png,0.090009001
Patient00969_Plane3_4_of_4.png,0.090009001
Patient00970_Plane3_1_of_4.png,0.122850123
Patient00970_Plane3_2_of_4.png,0.113636364
Patient00970_Plane3_4_of_4.png,0.113636364
Patient00973_Plane3_1_of_2.png,0.145804476
Patient00973_Plane3_2_of_2.png,0.145804476
Patient00975_Plane3_1_of_3.png,0.103092784
Patient00975_Plane3_3_of_3.png,0.122324159
Patient00976_Plane3_1_of_2.png,0.195924765
Patient00976_Plane3_2_of_2.png,0.145804476
Patient00977_Plane3_1_of_4.png,0.174825175
Patient00977_Plane3_2_of_4.png,0.121212121
Patient00977_Plane3_4_of_4.png,0.121212121
Patient00982_Plane3_1_of_3.png,0.102145046
Patient00982_Plane3_2_of_3.png,0.102145046
Patient00982_Plane3_3_of_3.png,0.112233446
Patient00983_Plane3_1_of_2.png,0.165289256
Patient00983_Plane3_2_of_2.png,0.165289256
Patient00984_Plane3_1_of_8.png,0.185528757
Patient00984_Plane3_2_of_8.png,0.156739812
Patient00984_Plane3_4_of_8.png,0.156739812
Patient00984_Plane3_8_of_8.png,0.129449838
Patient00986_Plane3_1_of_4.png,0.103305785
Patient00986_Plane3_2_of_4.png,0.103305785
Patient00986_Plane3_4_of_4.png,0.090009001
Patient00987_Plane3_1_of_3.png,0.178253119
Patient00987_Plane3_2_of_3.png,0.178253119
Patient00988_Plane3_1_of_2.png,0.195924765
Patient00990_Plane3_1_of_3.png,0.185528757
Patient00990_Plane3_2_of_3.png,0.185528757
Patient00991_Plane3_1_of_2.png,0.20661157
Patient00991_Plane3_2_of_2.png,0.185528757
Patient00993_Plane3_2_of_3.png,0.13568521
Patient00993_Plane3_3_of_3.png,0.189393939
Patient00994_Plane3_1_of_4.png,0.08912656
Patient00995_Plane3_1_of_3.png,0.126262626
Patient00996_Plane3_2_of_2.png,0.193423598
Patient00998_Plane3_1_of_2.png,0.275482094
Patient00998_Plane3_2_of_2.png,0.185528757
Patient00999_Plane3_1_of_4.png,0.168350168
Patient00999_Plane3_2_of_4.png,0.168350168
Patient00999_Plane3_3_of_4.png,0.168350168
Patient01000_Plane3_1_of_2.png,0.156739812
Patient01000_Plane3_2_of_2.png,0.119617225
Patient01001_Plane3_1_of_4.png,0.113739763
Patient01001_Plane3_3_of_4.png,0.098814229
Patient01002_Plane3_2_of_3.png,0.090009001
Patient01002_Plane3_3_of_3.png,0.090009001
Patient01004_Plane3_3_of_3.png,0.104493208
Patient01005_Plane3_2_of_2.png,0.101010101
Patient01007_Plane3_4_of_7.png,0.20661157
Patient01007_Plane3_6_of_7.png,0.197628458
Patient01007_Plane3_7_of_7.png,0.189393939
Patient01008_Plane3_1_of_2.png,0.120569086
Patient01009_Plane3_2_of_2.png,0.101122459
Patient01010_Plane3_3_of_3.png,0.14084507
Patient01011_Plane3_1_of_2.png,0.107642626
Patient01013_Plane3_2_of_4.png,0.250783699
Patient01014_Plane3_1_of_3.png,0.156739812
Patient01014_Plane3_2_of_3.png,0.156739812
Patient01015_Plane3_1_of_7.png,0.174825175
Patient01015_Plane3_2_of_7.png,0.174825175
Patient01015_Plane3_3_of_7.png,0.189393939
Patient01015_Plane3_4_of_7.png,0.189393939
Patient01015_Plane3_6_of_7.png,0.189393939
Patient01015_Plane3_7_of_7.png,0.216450216
Patient01016_Plane3_2_of_4.png,0.151011779
Patient01016_Plane3_4_of_4.png,0.191570881
Patient01017_Plane3_1_of_5.png,0.156739812
Patient01017_Plane3_2_of_5.png,0.156739812
Patient01018_Plane3_1_of_3.png,0.15600624
Patient01018_Plane3_2_of_3.png,0.168776371
Patient01019_Plane3_2_of_4.png,0.090009001
Patient01019_Plane3_3_of_4.png,0.09469697
Patient01020_Plane3_1_of_10.png,0.162337662
Patient01020_Plane3_8_of_10.png,0.102145046
Patient01020_Plane3_9_of_10.png,0.109529025
Patient01021_Plane3_2_of_2.png,0.171526587
Patient01022_Plane3_4_of_5.png,0.113636364
Patient01022_Plane3_5_of_5.png,0.113636364
Patient01023_Plane3_1_of_4.png,0.088261253
Patient01024_Plane3_1_of_1.png,0.185528757
Patient01025_Plane3_1_of_3.png,0.091827365
Patient01026_Plane3_3_of_6.png,0.109529025
Patient01026_Plane3_4_of_6.png,0.090009001
Patient01026_Plane3_5_of_6.png,0.090009001
Patient01027_Plane3_1_of_1.png,0.22172949
Patient01028_Plane3_1_of_3.png,0.188253012
Patient01028_Plane3_2_of_3.png,0.313479624
Patient01029_Plane3_1_of_2.png,0.223914017
Patient01030_Plane3_1_of_1.png,0.089565607
Patient01031_Plane3_2_of_3.png,0.298552023
Patient01031_Plane3_3_of_3.png,0.149276011
Patient01032_Plane3_1_of_3.png,0.143998848
Patient01033_Plane3_1_of_2.png,0.174155347
Patient01033_Plane3_2_of_2.png,0.208986416
Patient01035_Plane3_1_of_1.png,0.116103564
Patient01036_Plane3_1_of_2.png,0.153491942
Patient01037_Plane3_2_of_3.png,0.168350168
Patient01037_Plane3_3_of_3.png,0.153491942
Patient01038_Plane3_1_of_1.png,0.20661157
Patient01041_Plane3_1_of_1.png,0.193423598
Patient01043_Plane3_3_of_4.png,0.102145046
Patient01044_Plane3_1_of_5.png,0.108225108
Patient01044_Plane3_4_of_5.png,0.108225108
Patient01045_Plane3_5_of_5.png,0.092764378
Patient01046_Plane3_3_of_3.png,0.109529025
Patient01047_Plane3_1_of_3.png,0.111957009
Patient01048_Plane3_1_of_1.png,0.108096422
Patient01049_Plane3_2_of_2.png,0.100240577
Patient01050_Plane3_2_of_2.png,0.108096422
Patient01051_Plane3_3_of_4.png,0.168350168
Patient01051_Plane3_4_of_4.png,0.168350168
Patient01052_Plane3_2_of_9.png,0.156739812
Patient01052_Plane3_3_of_9.png,0.168350168
Patient01052_Plane3_4_of_9.png,0.181818182
Patient01052_Plane3_5_of_9.png,0.181818182
Patient01052_Plane3_6_of_9.png,0.181818182
Patient01052_Plane3_7_of_9.png,0.181818182
Patient01052_Plane3_8_of_9.png,0.181818182
Patient01052_Plane3_9_of_9.png,0.181818182
Patient01054_Plane3_1_of_1.png,0.193423598
Patient01055_Plane3_2_of_2.png,0.202244919
Patient01056_Plane3_1_of_2.png,0.208986416
Patient01057_Plane3_1_of_3.png,0.20661157
Patient01057_Plane3_2_of_3.png,0.20661157
Patient01058_Plane3_1_of_2.png,0.202244919
Patient01059_Plane3_1_of_5.png,0.106951872
Patient01059_Plane3_4_of_5.png,0.106951872
Patient01060_Plane3_4_of_4.png,0.115074799
Patient01061_Plane3_1_of_3.png,0.208986416
Patient01061_Plane3_2_of_3.png,0.184399779
Patient01062_Plane3_1_of_2.png,0.189987651
Patient01063_Plane3_1_of_4.png,0.11778563
Patient01063_Plane3_4_of_4.png,0.101936799
Patient01065_Plane3_1_of_1.png,0.084724223
Patient01068_Plane3_4_of_5.png,0.105708245
Patient01069_Plane3_1_of_3.png,0.128040973
Patient01070_Plane3_2_of_6.png,0.110864745
Patient01070_Plane3_3_of_6.png,0.110864745
Patient01070_Plane3_4_of_6.png,0.119617225
Patient01071_Plane3_1_of_4.png,0.102145046
Patient01071_Plane3_2_of_4.png,0.101010101
Patient01073_Plane3_1_of_4.png,0.197628458
Patient01073_Plane3_2_of_4.png,0.197628458
Patient01073_Plane3_3_of_4.png,0.20661157
Patient01073_Plane3_4_of_4.png,0.20661157
Patient01074_Plane3_1_of_2.png,0.324675325
Patient01074_Plane3_2_of_2.png,0.227272727
Patient01075_Plane3_2_of_4.png,0.096711799
Patient01077_Plane3_1_of_2.png,0.202020202
Patient01078_Plane3_1_of_3.png,0.195924765
Patient01078_Plane3_2_of_3.png,0.195924765
Patient01078_Plane3_3_of_3.png,0.149276011
Patient01079_Plane3_1_of_3.png,0.174155347
Patient01080_Plane3_1_of_3.png,0.114508187
Patient01080_Plane3_2_of_3.png,0.136986301
Patient01081_Plane3_1_of_3.png,0.189987651
Patient01081_Plane3_2_of_3.png,0.174155347
Patient01081_Plane3_3_of_3.png,0.184399779
Patient01082_Plane3_1_of_3.png,0.162337662
Patient01082_Plane3_2_of_3.png,0.162337662
Patient01082_Plane3_3_of_3.png,0.162337662
Patient01083_Plane3_1_of_2.png,0.171526587
Patient01084_Plane3_1_of_2.png,0.105708245
Patient01085_Plane3_1_of_3.png,0.146627566
Patient01085_Plane3_2_of_3.png,0.146627566
Patient01087_Plane3_1_of_2.png,0.165289256
Patient01088_Plane3_1_of_2.png,0.154083205
Patient01088_Plane3_2_of_2.png,0.154083205
Patient01089_Plane3_2_of_2.png,0.103305785
Patient01090_Plane3_1_of_2.png,0.20661157
Patient01090_Plane3_2_of_2.png,0.20661157
Patient01091_Plane3_1_of_2.png,0.156739812
Patient01091_Plane3_2_of_2.png,0.156739812
Patient01092_Plane3_1_of_1.png,0.212472113
Patient01093_Plane3_1_of_3.png,0.195924765
Patient01093_Plane3_2_of_3.png,0.147885241
Patient01093_Plane3_3_of_3.png,0.169448445
Patient01094_Plane3_1_of_2.png,0.110290063
Patient01095_Plane3_1_of_4.png,0.171526587
Patient01095_Plane3_2_of_4.png,0.144300144
Patient01095_Plane3_3_of_4.png,0.144300144
Patient01095_Plane3_4_of_4.png,0.13568521
Patient01096_Plane3_1_of_6.png,0.149031297
Patient01096_Plane3_2_of_6.png,0.168350168
Patient01096_Plane3_3_of_6.png,0.168350168
Patient01096_Plane3_5_of_6.png,0.149031297
Patient01097_Plane3_1_of_2.png,0.162337662
Patient01098_Plane3_3_of_7.png,0.162601626
Patient01100_Plane3_1_of_2.png,0.17211704
Patient01101_Plane3_1_of_3.png,0.096711799
Patient01102_Plane3_1_of_2.png,0.086580087
Patient01103_Plane3_1_of_3.png,0.275482094
Patient01103_Plane3_2_of_3.png,0.156739812
Patient01103_Plane3_3_of_3.png,0.156739812
Patient01104_Plane3_1_of_2.png,0.174825175
Patient01104_Plane3_2_of_2.png,0.174825175
Patient01105_Plane3_1_of_5.png,0.098814229
Patient01106_Plane3_1_of_2.png,0.119617225
Patient01106_Plane3_2_of_2.png,0.090009001
Patient01107_Plane3_1_of_3.png,0.084961767
Patient01109_Plane3_1_of_1.png,0.193423598
Patient01110_Plane3_1_of_4.png,0.099009901
Patient01113_Plane3_1_of_1.png,0.108096422
Patient01114_Plane3_1_of_2.png,0.179131214
Patient01115_Plane3_1_of_4.png,0.127599847
Patient01117_Plane3_3_of_6.png,0.088261253
Patient01118_Plane3_1_of_6.png,0.093720712
Patient01119_Plane3_1_of_2.png,0.185528757
Patient01119_Plane3_2_of_2.png,0.185528757
Patient01120_Plane3_1_of_3.png,0.0999001
Patient01122_Plane3_1_of_1.png,0.20661157
Patient01123_Plane3_1_of_4.png,0.171526587
Patient01123_Plane3_3_of_4.png,0.146627566
Patient01124_Plane3_1_of_4.png,0.185528757
Patient01124_Plane3_3_of_4.png,0.156739812
Patient01124_Plane3_4_of_4.png,0.156739812
Patient01125_Plane3_1_of_2.png,0.202020202
Patient01125_Plane3_2_of_2.png,0.202020202
Patient01126_Plane3_3_of_5.png,0.115074799
Patient01127_Plane3_1_of_3.png,0.0999001
Patient01128_Plane3_1_of_3.png,0.189987651
Patient01128_Plane3_2_of_3.png,0.313479624
Patient01129_Plane3_1_of_4.png,0.121573157
Patient01129_Plane3_4_of_4.png,0.122933186
Patient01132_Plane3_1_of_3.png,0.115074799
Patient01133_Plane3_1_of_3.png,0.20661157
Patient01133_Plane3_2_of_3.png,0.20661157
Patient01134_Plane3_1_of_3.png,0.193423598
Patient01135_Plane3_1_of_3.png,0.227272727
Patient01135_Plane3_3_of_3.png,0.227272727
Patient01136_Plane3_1_of_2.png,0.149253731
Patient01137_Plane3_1_of_8.png,0.115074799
Patient01137_Plane3_3_of_8.png,0.109529025
Patient01137_Plane3_4_of_8.png,0.128040973
Patient01137_Plane3_5_of_8.png,0.124533001
Patient01137_Plane3_6_of_8.png,0.090009001
Patient01137_Plane3_8_of_8.png,0.090009001
Patient01139_Plane3_3_of_6.png,0.102145046
Patient01139_Plane3_6_of_6.png,0.102145046
Patient01140_Plane3_1_of_3.png,0.195924765
Patient01140_Plane3_2_of_3.png,0.216192844
Patient01141_Plane3_1_of_3.png,0.232207129
Patient01141_Plane3_3_of_3.png,0.223914017
Patient01142_Plane3_1_of_2.png,0.216192844
Patient01142_Plane3_2_of_2.png,0.145804476
Patient01143_Plane3_1_of_2.png,0.165289256
Patient01144_Plane3_1_of_2.png,0.093720712
Patient01146_Plane3_1_of_2.png,0.202020202
Patient01146_Plane3_2_of_2.png,0.202020202
Patient01148_Plane3_2_of_3.png,0.119617225
Patient01148_Plane3_3_of_3.png,0.119617225
Patient01151_Plane3_10_of_13_2.png,0.151515152
Patient01151_Plane3_11_of_13_1.png,0.189393939
Patient01151_Plane3_1_of_13.png,0.122850123
Patient01151_Plane3_4_of_13.png,0.151515152
Patient01151_Plane3_5_of_13.png,0.189393939
Patient01151_Plane3_6_of_13.png,0.122850123
Patient01153_Plane3_1_of_1.png,0.105708245
Patient01154_Plane3_2_of_3.png,0.09569378
Patient01154_Plane3_3_of_3.png,0.096711799
Patient01155_Plane3_1_of_6.png,0.118455342
Patient01155_Plane3_3_of_6.png,0.119617225
Patient01155_Plane3_4_of_6.png,0.119617225
Patient01155_Plane3_5_of_6.png,0.109529025
Patient01155_Plane3_6_of_6.png,0.109529025
Patient01156_Plane3_2_of_5.png,0.115074799
Patient01156_Plane3_3_of_5.png,0.115074799
Patient01156_Plane3_4_of_5.png,0.105708245
Patient01157_Plane3_1_of_2.png,0.09569378
Patient01157_Plane3_2_of_2.png,0.108225108
Patient01158_Plane3_1_of_5.png,0.146627566
Patient01158_Plane3_2_of_5.png,0.146627566
Patient01158_Plane3_3_of_5.png,0.146627566
Patient01158_Plane3_5_of_5.png,0.151515152
Patient01159_Plane3_1_of_3.png,0.168350168
Patient01159_Plane3_2_of_3.png,0.168350168
Patient01159_Plane3_3_of_3.png,0.168350168
Patient01160_Plane3_1_of_4.png,0.103305785
Patient01160_Plane3_4_of_4.png,0.093720712
Patient01161_Plane3_3_of_4.png,0.092764378
Patient01161_Plane3_4_of_4.png,0.092764378
Patient01162_Plane3_1_of_3.png,0.109529025
Patient01163_Plane3_1_of_2.png,0.104493208
Patient01163_Plane3_2_of_2.png,0.104493208
Patient01164_Plane3_1_of_3.png,0.22172949
Patient01164_Plane3_2_of_3.png,0.22172949
Patient01165_Plane3_1_of_2.png,0.105568752
Patient01166_Plane3_1_of_4.png,0.139324277
Patient01166_Plane3_2_of_4.png,0.104493208
Patient01167_Plane3_1_of_3.png,0.189987651
Patient01167_Plane3_2_of_3.png,0.149276011
Patient01167_Plane3_3_of_3.png,0.208986416
Patient01170_Plane3_1_of_3.png,0.116550117
Patient01171_Plane3_2_of_3.png,0.15291689
Patient01172_Plane3_1_of_3.png,0.149276011
Patient01172_Plane3_2_of_3.png,0.149521531
Patient01172_Plane3_3_of_3.png,0.164989276
Patient01173_Plane3_1_of_3.png,0.20661157
Patient01173_Plane3_2_of_3.png,0.20661157
Patient01173_Plane3_3_of_3.png,0.20661157
Patient01174_Plane3_1_of_2.png,0.202020202
Patient01175_Plane3_1_of_4.png,0.193423598
Patient01175_Plane3_4_of_4.png,0.193423598
Patient01176_Plane3_4_of_4.png,0.118063754
Patient01177_Plane3_1_of_5.png,0.104493208
Patient01177_Plane3_3_of_5.png,0.104493208
Patient01177_Plane3_4_of_5.png,0.104493208
Patient01178_Plane3_3_of_4.png,0.174825175
Patient01180_Plane3_1_of_1.png,0.159489633
Patient01181_Plane3_1_of_4.png,0.101010101
Patient01181_Plane3_2_of_4.png,0.096711799
Patient01182_Plane3_2_of_5.png,0.0999001
Patient01182_Plane3_5_of_5.png,0.115074799
Patient01183_Plane3_3_of_4.png,0.121212121
Patient01185_Plane3_1_of_3.png,0.108096422
Patient01186_Plane3_1_of_2.png,0.087077673
Patient01187_Plane3_1_of_3.png,0.208986416
Patient01187_Plane3_2_of_3.png,0.195924765
Patient01187_Plane3_3_of_3.png,0.208986416
Patient01188_Plane3_2_of_2.png,0.232207129
Patient01189_Plane3_1_of_3.png,0.101010101
Patient01190_Plane3_1_of_3.png,0.110864745
Patient01191_Plane3_3_of_4.png,0.109529025
Patient01192_Plane3_1_of_1.png,0.216450216
Patient01193_Plane3_1_of_5.png,0.151515152
Patient01193_Plane3_2_of_5.png,0.151515152
Patient01193_Plane3_4_of_5.png,0.151515152
Patient01193_Plane3_5_of_5.png,0.151515152
Patient01195_Plane3_1_of_3.png,0.110864745
Patient01196_Plane3_3_of_5.png,0.103305785
Patient01196_Plane3_4_of_5.png,0.103305785
Patient01196_Plane3_5_of_5.png,0.103305785
Patient01197_Plane3_1_of_3.png,0.189393939
Patient01197_Plane3_2_of_3.png,0.189393939
Patient01198_Plane3_1_of_2.png,0.195924765
Patient01199_Plane3_1_of_2.png,0.119760479
Patient01200_Plane3_2_of_2.png,0.189987651
Patient01202_Plane3_1_of_7.png,0.104493208
Patient01202_Plane3_7_of_7.png,0.109529025
Patient01203_Plane3_1_of_3.png,0.185528757
Patient01203_Plane3_3_of_3.png,0.185528757
Patient01204_Plane3_1_of_3.png,0.106951872
Patient01204_Plane3_2_of_3.png,0.106951872
Patient01207_Plane3_2_of_4.png,0.154083205
Patient01207_Plane3_3_of_4.png,0.154083205
Patient01209_Plane3_1_of_7.png,0.126262626
Patient01209_Plane3_3_of_7.png,0.104493208
Patient01210_Plane3_1_of_3.png,0.21141649
Patient01210_Plane3_2_of_3.png,0.21141649
Patient01210_Plane3_3_of_3.png,0.21141649
Patient01211_Plane3_1_of_6.png,0.09469697
Patient01211_Plane3_2_of_6.png,0.09469697
Patient01211_Plane3_5_of_6.png,0.09469697
Patient01212_Plane3_3_of_4.png,0.108225108
Patient01213_Plane3_3_of_8.png,0.090768812
Patient01213_Plane3_4_of_8.png,0.113636364
Patient01213_Plane3_5_of_8.png,0.105708245
Patient01213_Plane3_6_of_8.png,0.105708245
Patient01215_Plane3_1_of_4.png,0.108991826
Patient01215_Plane3_2_of_4.png,0.105820106
Patient01215_Plane3_3_of_4.png,0.100664385
Patient01217_Plane3_1_of_2.png,0.108695652
Patient01218_Plane3_1_of_2.png,0.104493208
Patient01218_Plane3_2_of_2.png,0.108096422
Patient01219_Plane3_1_of_2.png,0.179131214
Patient01219_Plane3_2_of_2.png,0.179131214
Patient01220_Plane3_2_of_2.png,0.114942529
Patient01222_Plane3_1_of_8.png,0.084961767
Patient01223_Plane3_1_of_4.png,0.098814229
Patient01224_Plane3_2_of_4.png,0.115074799
Patient01225_Plane3_1_of_4.png,0.098814229
Patient01226_Plane3_1_of_1.png,0.178253119
Patient01227_Plane3_1_of_4.png,0.119617225
Patient01227_Plane3_3_of_4.png,0.119617225
Patient01227_Plane3_4_of_4.png,0.116550117
Patient01228_Plane3_2_of_2.png,0.159489633
Patient01229_Plane3_2_of_4.png,0.108225108
Patient01230_Plane3_1_of_5.png,0.109529025
Patient01230_Plane3_4_of_5.png,0.103305785
Patient01230_Plane3_5_of_5.png,0.102145046
Patient01231_Plane3_1_of_3.png,0.20661157
Patient01231_Plane3_2_of_3.png,0.20661157
Patient01231_Plane3_3_of_3.png,0.20661157
Patient01232_Plane3_4_of_4.png,0.098814229
Patient01233_Plane3_1_of_1.png,0.149031297
Patient01234_Plane3_3_of_6.png,0.115074799
Patient01235_Plane3_1_of_3.png,0.115074799
Patient01236_Plane3_1_of_1.png,0.165289256
Patient01237_Plane3_1_of_2.png,0.097751711
Patient01238_Plane3_1_of_3.png,0.105708245
Patient01238_Plane3_3_of_3.png,0.105708245
Patient01239_Plane3_2_of_6.png,0.110864745
Patient01239_Plane3_3_of_6.png,0.105708245
Patient01239_Plane3_5_of_6.png,0.105708245
Patient01240_Plane3_1_of_3.png,0.162337662
Patient01240_Plane3_3_of_3.png,0.149031297
Patient01241_Plane3_1_of_2.png,0.174825175
Patient01243_Plane3_1_of_1.png,0.13986014
Patient01244_Plane3_1_of_2.png,0.178253119
Patient01244_Plane3_2_of_2.png,0.171526587
Patient01245_Plane3_1_of_2.png,0.156739812
Patient01246_Plane3_1_of_1.png,0.121491921
Patient01247_Plane3_1_of_2.png,0.216192844
Patient01247_Plane3_2_of_2.png,0.202244919
Patient01248_Plane3_1_of_1.png,0.127950867
Patient01251_Plane3_2_of_2.png,0.216192844
Patient01253_Plane3_1_of_2.png,0.162337662
Patient01253_Plane3_2_of_2.png,0.162337662
Patient01254_Plane3_2_of_5.png,0.102145046
Patient01254_Plane3_3_of_5.png,0.103305785
Patient01255_Plane3_1_of_3.png,0.159489633
Patient01255_Plane3_2_of_3.png,0.159489633
Patient01256_Plane3_4_of_4.png,0.101010101
Patient01257_Plane3_1_of_2.png,0.139324277
Patient01258_Plane3_1_of_2.png,0.174155347
Patient01258_Plane3_2_of_2.png,0.208986416
Patient01259_Plane3_1_of_2.png,0.15291689
Patient01259_Plane3_2_of_2.png,0.153846154
Patient01260_Plane3_1_of_2.png,0.208986416
Patient01260_Plane3_2_of_2.png,0.313479624
Patient01261_Plane3_2_of_3.png,0.227272727
Patient01261_Plane3_3_of_3.png,0.227272727
Patient01263_Plane3_1_of_3.png,0.181818182
Patient01263_Plane3_2_of_3.png,0.185528757
Patient01263_Plane3_3_of_3.png,0.181818182
Patient01265_Plane3_1_of_3.png,0.193423598
Patient01265_Plane3_2_of_3.png,0.171526587
Patient01266_Plane3_1_of_2.png,0.171526587
Patient01267_Plane3_1_of_4.png,0.129449838
Patient01267_Plane3_2_of_4.png,0.129449838
Patient01268_Plane3_1_of_1.png,0.13368984
Patient01269_Plane3_1_of_2.png,0.121212121
Patient01269_Plane3_2_of_2.png,0.121212121
Patient01271_Plane3_12_of_15.png,0.122850123
Patient01271_Plane3_13_of_15.png,0.119617225
Patient01271_Plane3_14_of_15.png,0.119617225
Patient01271_Plane3_4_of_15.png,0.119617225
Patient01271_Plane3_8_of_15.png,0.122850123
Patient01271_Plane3_9_of_15.png,0.119617225
Patient01272_Plane3_1_of_3.png,0.108096422
Patient01273_Plane3_1_of_2.png,0.179131214
Patient01274_Plane3_2_of_4.png,0.162337662
Patient01274_Plane3_4_of_4.png,0.162337662
Patient01275_Plane3_3_of_7.png,0.268456376
Patient01275_Plane3_4_of_7.png,0.225326724
Patient01275_Plane3_5_of_7.png,0.224315837
Patient01275_Plane3_6_of_7.png,0.225733634
Patient01276_Plane3_1_of_2.png,0.22172949
Patient01276_Plane3_2_of_2.png,0.22172949
Patient01277_Plane3_1_of_1.png,0.193423598
Patient01280_Plane3_1_of_5.png,0.105708245
Patient01282_Plane3_1_of_1.png,0.108225108
Patient01285_Plane3_1_of_1.png,0.178253119
Patient01286_Plane3_1_of_5.png,0.098814229
Patient01286_Plane3_2_of_5.png,0.098814229
Patient01286_Plane3_3_of_5.png,0.122850123
Patient01288_Plane3_1_of_4.png,0.174155347
Patient01288_Plane3_3_of_4.png,0.26123302
Patient01289_Plane3_1_of_2.png,0.108096422
Patient01290_Plane3_1_of_1.png,0.184399779
Patient01293_Plane3_3_of_6.png,0.112233446
Patient01293_Plane3_4_of_6.png,0.113636364
Patient01293_Plane3_5_of_6.png,0.113636364
Patient01295_Plane3_1_of_1.png,0.113636364
Patient01296_Plane3_5_of_5.png,0.110864745
Patient01297_Plane3_1_of_4.png,0.181818182
Patient01297_Plane3_2_of_4.png,0.181818182
Patient01297_Plane3_3_of_4.png,0.181818182
Patient01298_Plane3_1_of_9.png,0.110864745
Patient01298_Plane3_5_of_9.png,0.110864745
Patient01298_Plane3_8_of_9.png,0.102145046
Patient01298_Plane3_9_of_9.png,0.102145046
Patient01299_Plane3_1_of_4.png,0.118063754
Patient01299_Plane3_3_of_4.png,0.098814229
Patient01299_Plane3_4_of_4.png,0.174825175
Patient01300_Plane3_4_of_6.png,0.104493208
Patient01300_Plane3_5_of_6.png,0.105708245
Patient01301_Plane3_5_of_7.png,0.13986014
Patient01301_Plane3_6_of_7.png,0.121212121
Patient01302_Plane3_1_of_1.png,0.119617225
Patient01305_Plane3_1_of_2.png,0.168350168
Patient01305_Plane3_2_of_2.png,0.168350168
Patient01306_Plane3_1_of_4.png,0.236686391
Patient01307_Plane3_1_of_2.png,0.100300903
Patient01308_Plane3_1_of_3.png,0.12195122
Patient01309_Plane3_2_of_3.png,0.26123302
Patient01310_Plane3_1_of_5.png,0.09469697
Patient01310_Plane3_4_of_5.png,0.09569378
Patient01311_Plane3_1_of_1.png,0.084175084
Patient01313_Plane3_1_of_2.png,0.090009001
Patient01313_Plane3_2_of_2.png,0.090009001
Patient01314_Plane3_1_of_2.png,0.185528757
Patient01314_Plane3_2_of_2.png,0.185528757
Patient01315_Plane3_1_of_1.png,0.105708245
Patient01316_Plane3_1_of_3.png,0.09569378
Patient01316_Plane3_3_of_3.png,0.109529025
Patient01318_Plane3_3_of_3.png,0.13986014
Patient01320_Plane3_1_of_2.png,0.154083205
Patient01321_Plane3_1_of_1.png,0.23923445
Patient01322_Plane3_2_of_4.png,0.101010101
Patient01322_Plane3_3_of_4.png,0.106951872
Patient01322_Plane3_4_of_4.png,0.105708245
Patient01323_Plane3_1_of_8.png,0.103305785
Patient01323_Plane3_3_of_8.png,0.103305785
Patient01323_Plane3_5_of_8.png,0.0999001
Patient01325_Plane3_1_of_3.png,0.090009001
Patient01325_Plane3_3_of_3.png,0.090009001
Patient01327_Plane3_1_of_3.png,0.138888889
Patient01328_Plane3_3_of_4.png,0.164989276
Patient01328_Plane3_4_of_4.png,0.164989276
Patient01330_Plane3_1_of_3.png,0.108096422
Patient01330_Plane3_2_of_3.png,0.11399259
Patient01330_Plane3_3_of_3.png,0.14084507
Patient01331_Plane3_3_of_3.png,0.208986416
Patient01332_Plane3_3_of_4.png,0.108096422
Patient01333_Plane3_2_of_2.png,0.159489633
Patient01336_Plane3_1_of_2.png,0.189393939
Patient01336_Plane3_2_of_2.png,0.185528757
Patient01340_Plane3_1_of_3.png,0.128040973
Patient01340_Plane3_2_of_3.png,0.128040973
Patient01341_Plane3_1_of_2.png,0.162337662
Patient01342_Plane3_1_of_1.png,0.109529025
Patient01343_Plane3_2_of_2.png,0.156739812
Patient01344_Plane3_1_of_4.png,0.0999001
Patient01344_Plane3_2_of_4.png,0.115074799
Patient01345_Plane3_1_of_5.png,0.106951872
Patient01345_Plane3_2_of_5.png,0.104493208
Patient01345_Plane3_3_of_5.png,0.105708245
Patient01346_Plane3_1_of_3.png,0.189987651
Patient01346_Plane3_2_of_3.png,0.313479624
Patient01347_Plane3_1_of_4.png,0.097962382
Patient01347_Plane3_4_of_4.png,0.097962382
Patient01348_Plane3_1_of_1.png,0.12539185
Patient01349_Plane3_1_of_3.png,0.216192844
Patient01349_Plane3_2_of_3.png,0.202244919
Patient01351_Plane3_1_of_3.png,0.106951872
Patient01352_Plane3_1_of_2.png,0.096711799
Patient01352_Plane3_2_of_2.png,0.096711799
Patient01353_Plane3_1_of_3.png,0.0999001
Patient01353_Plane3_2_of_3.png,0.0999001
Patient01354_Plane3_3_of_5.png,0.113636364
Patient01359_Plane3_1_of_3.png,0.185528757
Patient01359_Plane3_2_of_3.png,0.185528757
Patient01359_Plane3_3_of_3.png,0.185528757
Patient01360_Plane3_1_of_2.png,0.092764378
Patient01361_Plane3_1_of_2.png,0.093720712
Patient01361_Plane3_2_of_2.png,0.093720712
Patient01363_Plane3_1_of_7.png,0.103305785
Patient01363_Plane3_5_of_7.png,0.103305785
Patient01363_Plane3_6_of_7.png,0.103305785
Patient01364_Plane3_1_of_2.png,0.160758781
Patient01364_Plane3_2_of_2.png,0.160849284
Patient01366_Plane3_1_of_4.png,0.11399259
Patient01366_Plane3_2_of_4.png,0.104493208
Patient01366_Plane3_3_of_4.png,0.207813799
Patient01367_Plane3_1_of_1.png,0.121212121
Patient01368_Plane3_1_of_1.png,0.106951872
Patient01372_Plane3_3_of_8.png,0.110864745
Patient01372_Plane3_6_of_8.png,0.13368984
Patient01373_Plane3_1_of_2.png,0.109962613
Patient01376_Plane3_1_of_2.png,0.178253119
Patient01376_Plane3_2_of_2.png,0.178253119
Patient01377_Plane3_1_of_2.png,0.122850123
Patient01378_Plane3_1_of_2.png,0.227272727
Patient01378_Plane3_2_of_2.png,0.227272727
Patient01379_Plane3_1_of_2.png,0.090009001
Patient01380_Plane3_1_of_2.png,0.109529025
Patient01381_Plane3_2_of_2.png,0.159489633
Patient01382_Plane3_1_of_1.png,0.193423598
Patient01384_Plane3_1_of_3.png,0.103305785
Patient01385_Plane3_2_of_2.png,0.162337662
Patient01386_Plane3_1_of_1.png,0.092764378
Patient01387_Plane3_1_of_1.png,0.109529025
Patient01388_Plane3_1_of_3.png,0.115074799
Patient01388_Plane3_2_of_3.png,0.115074799
Patient01389_Plane3_2_of_2.png,0.108225108
Patient01390_Plane3_1_of_2.png,0.116550117
Patient01391_Plane3_3_of_3.png,0.115740741
Patient01392_Plane3_2_of_2.png,0.181818182
Patient01393_Plane3_1_of_2.png,0.20661157
Patient01393_Plane3_2_of_2.png,0.233100233
Patient01395_Plane3_1_of_1.png,0.163666121
Patient01396_Plane3_1_of_1.png,0.237416904
Patient01397_Plane3_2_of_3.png,0.161733786
Patient01397_Plane3_3_of_3.png,0.157480315
Patient01400_Plane3_1_of_3.png,0.13368984
Patient01401_Plane3_1_of_1.png,0.184365782
Patient01402_Plane3_1_of_3.png,0.120409392
Patient01402_Plane3_2_of_3.png,0.120409392
Patient01403_Plane3_1_of_1.png,0.242600679
Patient01404_Plane3_1_of_2.png,0.234962406
Patient01406_Plane3_3_of_3.png,0.216450216
Patient01407_Plane3_2_of_2.png,0.110864745
Patient01408_Plane3_1_of_9.png,0.153139357
Patient01408_Plane3_4_of_9.png,0.153139357
Patient01408_Plane3_8_of_9.png,0.220994475
Patient01409_Plane3_3_of_4.png,0.138792505
Patient01411_Plane3_1_of_3.png,0.21141649
Patient01411_Plane3_2_of_3.png,0.21141649
Patient01411_Plane3_3_of_3.png,0.21141649
Patient01413_Plane3_1_of_4.png,0.105708245
Patient01414_Plane3_1_of_2.png,0.202020202
Patient01414_Plane3_2_of_2.png,0.202020202
Patient01415_Plane3_1_of_1.png,0.115074799
Patient01418_Plane3_1_of_1.png,0.102145046
Patient01419_Plane3_1_of_4.png,0.20661157
Patient01419_Plane3_2_of_4.png,0.20661157
Patient01419_Plane3_4_of_4.png,0.103305785
Patient01420_Plane3_1_of_1.png,0.112233446
Patient01422_Plane3_1_of_2.png,0.116103564
Patient01424_Plane3_1_of_3.png,0.097962382
Patient01425_Plane3_1_of_2.png,0.195924765
Patient01425_Plane3_2_of_2.png,0.223914017
Patient01428_Plane3_3_of_3.png,0.185528757
Patient01429_Plane3_2_of_2.png,0.128040973
Patient01430_Plane3_1_of_1.png,0.096711799
Patient01431_Plane3_1_of_1.png,0.110864745
Patient01432_Plane3_1_of_2.png,0.109529025
Patient01432_Plane3_2_of_2.png,0.109529025
Patient01433_Plane3_1_of_8.png,0.181818182
Patient01433_Plane3_2_of_8.png,0.197628458
Patient01433_Plane3_3_of_8.png,0.181818182
Patient01433_Plane3_4_of_8.png,0.181818182
Patient01433_Plane3_5_of_8.png,0.20661157
Patient01433_Plane3_6_of_8.png,0.20661157
Patient01433_Plane3_7_of_8.png,0.197628458
Patient01433_Plane3_8_of_8.png,0.197628458
Patient01434_Plane3_1_of_6.png,0.122850123
Patient01434_Plane3_5_of_6.png,0.116550117
Patient01434_Plane3_6_of_6.png,0.09469697
Patient01435_Plane3_1_of_1.png,0.113636364
Patient01436_Plane3_1_of_2.png,0.20661157
Patient01436_Plane3_2_of_2.png,0.20661157
Patient01437_Plane3_1_of_1.png,0.248756219
Patient01438_Plane3_1_of_3.png,0.108636611
Patient01439_Plane3_1_of_1.png,0.110864745
Patient01440_Plane3_2_of_3.png,0.108225108
Patient01440_Plane3_3_of_3.png,0.105708245
Patient01441_Plane3_1_of_1.png,0.215517241
Patient01442_Plane3_1_of_3.png,0.117370892
Patient01442_Plane3_3_of_3.png,0.096805421
Patient01443_Plane3_1_of_2.png,0.202839757
Patient01444_Plane3_2_of_7.png,0.146627566
Patient01445_Plane3_2_of_4.png,0.245700246
Patient01445_Plane3_3_of_4.png,0.241954996
Patient01445_Plane3_4_of_4.png,0.225937641
Patient01446_Plane3_1_of_3.png,0.11399259
Patient01448_Plane3_1_of_3.png,0.106450926
Patient01448_Plane3_3_of_3.png,0.122933186
Patient01449_Plane3_1_of_2.png,0.216192844
Patient01451_Plane3_1_of_3.png,0.232207129
Patient01451_Plane3_2_of_3.png,0.313479624
Patient01452_Plane3_1_of_2.png,0.122933186
Patient01452_Plane3_2_of_2.png,0.122933186
Patient01455_Plane3_1_of_1.png,0.116877045
Patient01456_Plane3_1_of_3.png,0.284900285
Patient01456_Plane3_3_of_3.png,0.285714286
Patient01457_Plane3_3_of_3.png,0.115074799
Patient01458_Plane3_1_of_2.png,0.101010101
Patient01458_Plane3_2_of_2.png,0.101010101
Patient01460_Plane3_1_of_2.png,0.178253119
Patient01460_Plane3_2_of_2.png,0.178253119
Patient01463_Plane3_1_of_3.png,0.116959064
Patient01463_Plane3_2_of_3.png,0.104493208
Patient01463_Plane3_3_of_3.png,0.105708245
Patient01464_Plane3_2_of_2.png,0.106951872
Patient01465_Plane3_1_of_1.png,0.171526587
Patient01469_Plane3_1_of_2.png,0.202839757
Patient01469_Plane3_2_of_2.png,0.163398693
Patient01470_Plane3_2_of_2.png,0.191570881
Patient01471_Plane3_1_of_2.png,0.23923445
Patient01471_Plane3_2_of_2.png,0.23923445
Patient01472_Plane3_1_of_4.png,0.110497238
Patient01473_Plane3_4_of_4.png,0.097087379
Patient01474_Plane3_1_of_3.png,0.162337662
Patient01474_Plane3_2_of_3.png,0.181818182
Patient01474_Plane3_3_of_3.png,0.162337662
Patient01475_Plane3_1_of_4.png,0.181818182
Patient01475_Plane3_2_of_4.png,0.151515152
Patient01475_Plane3_3_of_4.png,0.181818182
Patient01475_Plane3_4_of_4.png,0.181818182
Patient01476_Plane3_1_of_3.png,0.20661157
Patient01476_Plane3_2_of_3.png,0.162337662
Patient01476_Plane3_3_of_3.png,0.162337662
Patient01477_Plane3_4_of_5.png,0.096711799
Patient01478_Plane3_11_of_12.png,0.119617225
Patient01478_Plane3_1_of_12.png,0.119617225
Patient01478_Plane3_4_of_12.png,0.137741047
Patient01478_Plane3_7_of_12.png,0.119617225
Patient01478_Plane3_8_of_12.png,0.137741047
Patient01480_Plane3_1_of_6.png,0.20661157
Patient01480_Plane3_3_of_6.png,0.20661157
Patient01480_Plane3_5_of_6.png,0.20661157
Patient01481_Plane3_1_of_4.png,0.145804476
Patient01481_Plane3_2_of_4.png,0.097962382
Patient01482_Plane3_1_of_2.png,0.142045455
Patient01482_Plane3_2_of_2.png,0.142045455
Patient01483_Plane3_1_of_4.png,0.197628458
Patient01483_Plane3_2_of_4.png,0.197628458
Patient01483_Plane3_3_of_4.png,0.233100233
Patient01483_Plane3_4_of_4.png,0.197628458
Patient01485_Plane3_4_of_4.png,0.12539185
Patient01486_Plane3_3_of_3.png,0.142490738
Patient01488_Plane3_1_of_3.png,0.181818182
Patient01488_Plane3_3_of_3.png,0.181818182
Patient01490_Plane3_1_of_2.png,0.165289256
Patient01490_Plane3_2_of_2.png,0.165289256
Patient01491_Plane3_2_of_5.png,0.106951872
Patient01491_Plane3_4_of_5.png,0.109529025
Patient01492_Plane3_1_of_1.png,0.185528757
Patient01493_Plane3_1_of_5.png,0.174825175
Patient01493_Plane3_4_of_5.png,0.168350168
Patient01493_Plane3_5_of_5.png,0.168350168
Patient01494_Plane3_1_of_4.png,0.154083205
Patient01494_Plane3_4_of_4.png,0.154083205
Patient01496_Plane3_1_of_2.png,0.180831826
Patient01497_Plane3_1_of_3.png,0.231374364
Patient01497_Plane3_3_of_3.png,0.226244344
Patient01498_Plane3_1_of_1.png,0.187899286
Patient01499_Plane3_1_of_4.png,0.12987013
Patient01499_Plane3_4_of_4.png,0.108225108
Patient01500_Plane3_1_of_1.png,0.231481481
Patient01501_Plane3_1_of_5.png,0.20661157
Patient01501_Plane3_2_of_5.png,0.20661157
Patient01501_Plane3_3_of_5.png,0.216450216
Patient01501_Plane3_4_of_5.png,0.174825175
Patient01503_Plane3_1_of_2.png,0.197628458
Patient01503_Plane3_2_of_2.png,0.267379679
Patient01505_Plane3_1_of_3.png,0.115687182
Patient01507_Plane3_1_of_2.png,0.243013366
Patient01509_Plane3_1_of_2.png,0.109493047
Patient01510_Plane3_1_of_4.png,0.156739812
Patient01511_Plane3_1_of_1.png,0.146627566
Patient01512_Plane3_1_of_2.png,0.208986416
Patient01512_Plane3_2_of_2.png,0.195924765
Patient01513_Plane3_1_of_1.png,0.113211819
Patient01514_Plane3_1_of_1.png,0.121462407
Patient01515_Plane3_1_of_3.png,0.163398693
Patient01515_Plane3_2_of_3.png,0.166666667
Patient01516_Plane3_3_of_3.png,0.119617225
Patient01517_Plane3_1_of_2.png,0.153256705
Patient01518_Plane3_1_of_1.png,0.13568521
Patient01520_Plane3_1_of_2.png,0.185528757
Patient01520_Plane3_2_of_2.png,0.185528757
Patient01523_Plane3_3_of_4.png,0.095011876
Patient01524_Plane3_2_of_4.png,0.096711799
Patient01525_Plane3_2_of_3.png,0.105708245
Patient01526_Plane3_1_of_2.png,0.110864745
Patient01526_Plane3_2_of_2.png,0.108225108
Patient01527_Plane3_1_of_3.png,0.171526587
Patient01527_Plane3_2_of_3.png,0.171526587
Patient01529_Plane3_1_of_3.png,0.216450216
Patient01529_Plane3_2_of_3.png,0.185528757
Patient01529_Plane3_3_of_3.png,0.185528757
Patient01530_Plane3_2_of_2.png,0.129366106
Patient01531_Plane3_3_of_7.png,0.119617225
Patient01531_Plane3_4_of_7.png,0.13368984
Patient01531_Plane3_5_of_7.png,0.13368984
Patient01532_Plane3_1_of_1.png,0.126262626
Patient01533_Plane3_1_of_4.png,0.162337662
Patient01533_Plane3_4_of_4.png,0.151515152
Patient01535_Plane3_1_of_3.png,0.113507378
Patient01536_Plane3_3_of_3.png,0.19138756
Patient01537_Plane3_1_of_9.png,0.233100233
Patient01537_Plane3_2_of_9.png,0.233100233
Patient01537_Plane3_4_of_9.png,0.233100233
Patient01537_Plane3_5_of_9.png,0.233100233
Patient01537_Plane3_7_of_9.png,0.20661157
Patient01537_Plane3_8_of_9.png,0.20661157
Patient01537_Plane3_9_of_9.png,0.20661157
Patient01538_Plane3_1_of_3.png,0.197628458
Patient01538_Plane3_2_of_3.png,0.197628458
Patient01538_Plane3_3_of_3.png,0.233100233
Patient01539_Plane3_1_of_5.png,0.127877238
Patient01539_Plane3_4_of_5.png,0.120481928
Patient01539_Plane3_5_of_5.png,0.184638109
Patient01540_Plane3_1_of_2.png,0.231267345
Patient01540_Plane3_2_of_2.png,0.231267345
Patient01541_Plane3_2_of_2.png,0.243309002
Patient01542_Plane3_1_of_3.png,0.324675325
Patient01542_Plane3_3_of_3.png,0.284090909
Patient01543_Plane3_1_of_2.png,0.158177792
Patient01543_Plane3_2_of_2.png,0.158227848
Patient01544_Plane3_2_of_2.png,0.12987013
Patient01545_Plane3_2_of_2.png,0.121462407
Patient01546_Plane3_2_of_3.png,0.13368984
Patient01547_Plane3_1_of_2.png,0.124409057
Patient01548_Plane3_1_of_2.png,0.195924765
Patient01548_Plane3_2_of_2.png,0.298552023
Patient01549_Plane3_1_of_2.png,0.119760479
Patient01550_Plane3_3_of_3.png,0.20661157
Patient01551_Plane3_1_of_4.png,0.235294118
Patient01551_Plane3_4_of_4.png,0.242424242
Patient01554_Plane3_1_of_1.png,0.193423598
Patient01555_Plane3_2_of_2.png,0.109529025
Patient01556_Plane3_1_of_2.png,0.104493208
Patient01556_Plane3_2_of_2.png,0.104493208
Patient01557_Plane3_1_of_4.png,0.098814229
Patient01557_Plane3_3_of_4.png,0.098814229
Patient01558_Plane3_3_of_5.png,0.151515152
Patient01558_Plane3_5_of_5.png,0.106951872
Patient01560_Plane3_1_of_4.png,0.156739812
Patient01560_Plane3_3_of_4.png,0.156739812
Patient01560_Plane3_4_of_4.png,0.193423598
Patient01563_Plane3_1_of_3.png,0.106951872
Patient01563_Plane3_3_of_3.png,0.106951872
Patient01564_Plane3_2_of_2.png,0.098814229
Patient01565_Plane3_1_of_4.png,0.142045455
Patient01565_Plane3_4_of_4.png,0.144300144
Patient01567_Plane3_1_of_5.png,0.217391304
Patient01567_Plane3_3_of_5.png,0.187969925
Patient01567_Plane3_4_of_5.png,0.188323917
Patient01567_Plane3_5_of_5.png,0.19193858
Patient01569_Plane3_1_of_1.png,0.202244919
Patient01572_Plane3_1_of_2.png,0.097962382
Patient01573_Plane3_2_of_2.png,0.124610592
Patient01574_Plane3_1_of_1.png,0.193423598
Patient01575_Plane3_1_of_2.png,0.106951872
Patient01575_Plane3_2_of_2.png,0.0999001
Patient01576_Plane3_1_of_2.png,0.151515152
Patient01576_Plane3_2_of_2.png,0.105708245
Patient01577_Plane3_1_of_2.png,0.185528757
Patient01578_Plane3_1_of_1.png,0.185528757
Patient01579_Plane3_1_of_4.png,0.154083205
Patient01579_Plane3_2_of_4.png,0.20661157
Patient01579_Plane3_3_of_4.png,0.20661157
Patient01581_Plane3_1_of_2.png,0.09469697
Patient01581_Plane3_2_of_2.png,0.113636364
Patient01583_Plane3_2_of_2.png,0.118063754
Patient01585_Plane3_1_of_1.png,0.092764378
Patient01586_Plane3_1_of_4.png,0.102145046
Patient01586_Plane3_2_of_4.png,0.102145046
Patient01586_Plane3_4_of_4.png,0.102145046
Patient01588_Plane3_2_of_4.png,0.103305785
Patient01588_Plane3_3_of_4.png,0.098814229
Patient01588_Plane3_4_of_4.png,0.098814229
Patient01589_Plane3_1_of_1.png,0.245700246
Patient01590_Plane3_1_of_6.png,0.231267345
Patient01590_Plane3_2_of_6.png,0.202839757
Patient01590_Plane3_3_of_6.png,0.202839757
Patient01590_Plane3_4_of_6.png,0.181323663
Patient01590_Plane3_5_of_6.png,0.181323663
Patient01591_Plane3_1_of_4.png,0.160758781
Patient01591_Plane3_2_of_4.png,0.216192844
Patient01591_Plane3_4_of_4.png,0.216192844
Patient01592_Plane3_1_of_2.png,0.092764378
Patient01595_Plane3_1_of_2.png,0.193423598
Patient01595_Plane3_2_of_2.png,0.193423598
Patient01596_Plane3_2_of_5.png,0.101010101
Patient01596_Plane3_3_of_5.png,0.109529025
Patient01596_Plane3_5_of_5.png,0.109529025
Patient01598_Plane3_1_of_2.png,0.090009001
Patient01598_Plane3_2_of_2.png,0.090009001
Patient01599_Plane3_2_of_2.png,0.102145046
Patient01602_Plane3_1_of_6.png,0.108225108
Patient01602_Plane3_2_of_6.png,0.113378685
Patient01602_Plane3_6_of_6.png,0.119617225
Patient01603_Plane3_1_of_3.png,0.151515152
Patient01603_Plane3_2_of_3.png,0.181818182
Patient01604_Plane3_1_of_4.png,0.197628458
Patient01605_Plane3_2_of_2.png,0.267379679
Patient01606_Plane3_5_of_5.png,0.119367353
Patient01608_Plane3_1_of_3.png,0.116550117
Patient01608_Plane3_2_of_3.png,0.110864745
Patient01609_Plane3_1_of_3.png,0.202244919
Patient01609_Plane3_2_of_3.png,0.184399779
Patient01609_Plane3_3_of_3.png,0.184399779
Patient01610_Plane3_3_of_9.png,0.110095783
Patient01610_Plane3_4_of_9.png,0.110095783
Patient01610_Plane3_5_of_9.png,0.129533679
Patient01610_Plane3_9_of_9.png,0.144466917
Patient01611_Plane3_3_of_3.png,0.113636364
Patient01614_Plane3_1_of_2.png,0.120569086
Patient01616_Plane3_1_of_3.png,0.110864745
Patient01617_Plane3_1_of_2.png,0.102145046
Patient01617_Plane3_2_of_2.png,0.103305785
Patient01618_Plane3_1_of_4.png,0.102145046
Patient01621_Plane3_1_of_3.png,0.118063754
Patient01622_Plane3_1_of_2.png,0.185528757
Patient01622_Plane3_2_of_2.png,0.156739812
Patient01623_Plane3_1_of_2.png,0.102145046
Patient01623_Plane3_2_of_2.png,0.105708245
Patient01624_Plane3_1_of_2.png,0.122850123
Patient01626_Plane3_1_of_2.png,0.284090909
Patient01626_Plane3_2_of_2.png,0.284090909
Patient01628_Plane3_4_of_4.png,0.126262626
Patient01629_Plane3_1_of_2.png,0.181818182
Patient01629_Plane3_2_of_2.png,0.20661157
Patient01630_Plane3_1_of_1.png,0.216192844
Patient01631_Plane3_2_of_2.png,0.122933186
Patient01632_Plane3_2_of_2.png,0.127950867
Patient01633_Plane3_1_of_1.png,0.104493208
Patient01634_Plane3_1_of_4.png,0.23923445
Patient01634_Plane3_3_of_4.png,0.20661157
Patient01634_Plane3_4_of_4.png,0.267379679
Patient01635_Plane3_2_of_4.png,0.103305785
Patient01637_Plane3_1_of_1.png,0.165289256
Patient01638_Plane3_1_of_2.png,0.185528757
Patient01640_Plane3_1_of_3.png,0.106951872
Patient01641_Plane3_1_of_2.png,0.108225108
Patient01641_Plane3_2_of_2.png,0.116550117
Patient01642_Plane3_1_of_2.png,0.202020202
Patient01642_Plane3_2_of_2.png,0.202020202
Patient01644_Plane3_2_of_3.png,0.096711799
Patient01644_Plane3_3_of_3.png,0.097751711
Patient01645_Plane3_1_of_2.png,0.178253119
Patient01645_Plane3_2_of_2.png,0.178253119
Patient01646_Plane3_2_of_3.png,0.185528757
Patient01647_Plane3_2_of_9.png,0.101010101
Patient01647_Plane3_5_of_9.png,0.12987013
Patient01647_Plane3_7_of_9.png,0.101010101
Patient01647_Plane3_9_of_9.png,0.12987013
Patient01648_Plane3_2_of_6.png,0.13368984
Patient01648_Plane3_3_of_6.png,0.142045455
Patient01648_Plane3_6_of_6.png,0.142045455
Patient01649_Plane3_1_of_5.png,0.197628458
Patient01649_Plane3_2_of_5.png,0.197628458
Patient01649_Plane3_3_of_5.png,0.20661157
Patient01649_Plane3_5_of_5.png,0.20661157
Patient01650_Plane3_2_of_6.png,0.284090909
Patient01650_Plane3_5_of_6.png,0.284090909
Patient01651_Plane3_1_of_2.png,0.119617225
Patient01653_Plane3_10_of_11.png,0.105708245
Patient01653_Plane3_11_of_11.png,0.227272727
Patient01653_Plane3_5_of_11.png,0.227272727
Patient01653_Plane3_8_of_11.png,0.105708245
Patient01654_Plane3_1_of_1.png,0.108096422
Patient01655_Plane3_1_of_3.png,0.11399259
Patient01656_Plane3_1_of_3.png,0.184399779
Patient01657_Plane3_1_of_2.png,0.156739812
Patient01657_Plane3_2_of_2.png,0.139324277
Patient01658_Plane3_1_of_2.png,0.202244919
Patient01658_Plane3_2_of_2.png,0.313479624
Patient01660_Plane3_1_of_1.png,0.178253119
Patient01661_Plane3_1_of_1.png,0.20661157
Patient01662_Plane3_1_of_3.png,0.106951872
Patient01663_Plane3_1_of_5.png,0.096711799
Patient01663_Plane3_5_of_5.png,0.110864745
Patient01664_Plane3_1_of_1.png,0.202020202
Patient01665_Plane3_1_of_3.png,0.189393939
Patient01665_Plane3_3_of_3.png,0.202020202
Patient01668_Plane3_1_of_3.png,0.13568521
Patient01668_Plane3_3_of_3.png,0.115074799
Patient01669_Plane3_2_of_3.png,0.112233446
Patient01670_Plane3_1_of_7.png,0.120264582
Patient01670_Plane3_3_of_7.png,0.090009001
Patient01675_Plane3_1_of_2.png,0.223914017
Patient01676_Plane3_1_of_3.png,0.224719101
Patient01676_Plane3_3_of_3.png,0.224719101
Patient01678_Plane3_1_of_8.png,0.162337662
Patient01678_Plane3_7_of_8.png,0.162337662
Patient01678_Plane3_8_of_8.png,0.142045455
Patient01679_Plane3_4_of_9.png,0.119617225
Patient01679_Plane3_6_of_9.png,0.116550117
Patient01679_Plane3_7_of_9.png,0.119617225
Patient01680_Plane3_3_of_8.png,0.142045455
Patient01680_Plane3_4_of_8.png,0.12987013
Patient01680_Plane3_7_of_8.png,0.142045455
Patient01680_Plane3_8_of_8.png,0.12987013
Patient01681_Plane3_4_of_5.png,0.156739812
Patient01682_Plane3_1_of_6.png,0.181818182
Patient01682_Plane3_2_of_6.png,0.174825175
Patient01682_Plane3_3_of_6.png,0.197628458
Patient01682_Plane3_4_of_6.png,0.174825175
Patient01682_Plane3_5_of_6.png,0.181818182
Patient01682_Plane3_6_of_6.png,0.174825175
Patient01684_Plane3_1_of_1.png,0.092764378
Patient01685_Plane3_1_of_2.png,0.185528757
Patient01685_Plane3_2_of_2.png,0.185528757
Patient01686_Plane3_1_of_2.png,0.09569378
Patient01686_Plane3_2_of_2.png,0.105708245
Patient01688_Plane3_1_of_1.png,0.108225108
Patient01689_Plane3_2_of_3.png,0.203045685
Patient01690_Plane3_2_of_2.png,0.095102235
Patient01691_Plane3_1_of_3.png,0.203045685
Patient01691_Plane3_2_of_3.png,0.203045685
Patient01691_Plane3_3_of_3.png,0.203045685
Patient01692_Plane3_1_of_4.png,0.120481928
Patient01693_Plane3_1_of_2.png,0.096061479
Patient01693_Plane3_2_of_2.png,0.108577633
Patient01694_Plane3_1_of_3.png,0.208986416
Patient01694_Plane3_2_of_3.png,0.195924765
Patient01695_Plane3_2_of_5.png,0.199203187
Patient01695_Plane3_3_of_5.png,0.199203187
Patient01695_Plane3_5_of_5.png,0.199203187
Patient01696_Plane3_2_of_3.png,0.104493208
Patient01697_Plane3_1_of_2.png,0.107596299
Patient01701_Plane3_1_of_3.png,0.193423598
Patient01701_Plane3_3_of_3.png,0.193423598
Patient01702_Plane3_3_of_8.png,0.104493208
Patient01702_Plane3_4_of_8.png,0.104493208
Patient01702_Plane3_6_of_8.png,0.104493208
Patient01702_Plane3_7_of_8.png,0.104493208
Patient01703_Plane3_3_of_3.png,0.106951872
Patient01704_Plane3_1_of_2.png,0.121212121
Patient01705_Plane3_2_of_3.png,0.103305785
Patient01708_Plane3_2_of_2.png,0.13368984
Patient01710_Plane3_3_of_5.png,0.108401084
Patient01710_Plane3_5_of_5.png,0.109625082
Patient01711_Plane3_2_of_2.png,0.174825175
Patient01712_Plane3_4_of_5.png,0.096153846
Patient01714_Plane3_2_of_2.png,0.118294198
Patient01715_Plane3_3_of_3.png,0.094993825
Patient01716_Plane3_1_of_3.png,0.10999285
Patient01717_Plane3_1_of_3.png,0.097962382
Patient01718_Plane3_2_of_4.png,0.108577633
Patient01719_Plane3_3_of_3.png,0.109529025
Patient01721_Plane3_2_of_6.png,0.090009001
Patient01721_Plane3_5_of_6.png,0.113636364
Patient01722_Plane3_1_of_2.png,0.102145046
Patient01723_Plane3_1_of_2.png,0.193423598
Patient01724_Plane3_2_of_3.png,0.185528757
Patient01725_Plane3_1_of_2.png,0.1953125
Patient01725_Plane3_2_of_2.png,0.199004975
Patient01726_Plane3_2_of_2.png,0.23255814
Patient01727_Plane3_1_of_2.png,0.232207129
Patient01727_Plane3_2_of_2.png,0.232207129
Patient01728_Plane3_1_of_2.png,0.116103564
Patient01729_Plane3_1_of_3.png,0.195924765
Patient01729_Plane3_2_of_3.png,0.145804476
Patient01729_Plane3_3_of_3.png,0.184399779
Patient01731_Plane3_2_of_6.png,0.104493208
Patient01731_Plane3_3_of_6.png,0.097751711
Patient01731_Plane3_6_of_6.png,0.118063754
Patient01732_Plane3_2_of_3.png,0.0999001
Patient01732_Plane3_3_of_3.png,0.101010101
Patient01733_Plane3_2_of_4.png,0.090009001
Patient01733_Plane3_4_of_4.png,0.109529025
Patient01734_Plane3_1_of_2.png,0.126262626
Patient01734_Plane3_2_of_2.png,0.093720712
Patient01735_Plane3_2_of_2.png,0.151515152
Patient01736_Plane3_1_of_2.png,0.098814229
Patient01736_Plane3_2_of_2.png,0.098814229
Patient01738_Plane3_1_of_2.png,0.122933186
Patient01739_Plane3_1_of_3.png,0.189987651
Patient01739_Plane3_2_of_3.png,0.208986416
Patient01740_Plane3_1_of_1.png,0.169448445
Patient01741_Plane3_2_of_3.png,0.160758781
Patient01742_Plane3_1_of_2.png,0.106264279
Patient01743_Plane3_1_of_1.png,0.103305785
Patient01748_Plane3_1_of_1.png,0.115074799
Patient01749_Plane3_1_of_2.png,0.224719101
Patient01749_Plane3_2_of_2.png,0.232207129
Patient01750_Plane3_1_of_3.png,0.089565607
Patient01753_Plane3_1_of_1.png,0.197628458
Patient01754_Plane3_1_of_2.png,0.105708245
Patient01754_Plane3_2_of_2.png,0.105708245
Patient01756_Plane3_1_of_2.png,0.202020202
Patient01756_Plane3_2_of_2.png,0.202020202
Patient01757_Plane3_1_of_1.png,0.129449838
Patient01758_Plane3_1_of_2.png,0.09469697
Patient01759_Plane3_2_of_3.png,0.23255814
Patient01759_Plane3_3_of_3.png,0.22172949
Patient01760_Plane3_1_of_4.png,0.194931774
Patient01760_Plane3_2_of_4.png,0.19379845
Patient01760_Plane3_3_of_4.png,0.19379845
Patient01760_Plane3_4_of_4.png,0.19379845
Patient01762_Plane3_1_of_2.png,0.21331058
Patient01762_Plane3_2_of_2.png,0.21331058
Patient01763_Plane3_1_of_2.png,0.183486239
Patient01765_Plane3_1_of_3.png,0.184399779
Patient01766_Plane3_1_of_3.png,0.313479624
Patient01766_Plane3_2_of_3.png,0.169448445
Patient01769_Plane3_1_of_3.png,0.145804476
Patient01769_Plane3_2_of_3.png,0.216192844
Patient01770_Plane3_1_of_1.png,0.0999001
Patient01771_Plane3_1_of_4.png,0.102145046
Patient01771_Plane3_3_of_4.png,0.102145046
Patient01773_Plane3_1_of_2.png,0.119617225
Patient01774_Plane3_1_of_2.png,0.109529025
Patient01774_Plane3_2_of_2.png,0.109529025
Patient01776_Plane3_1_of_5.png,0.192307692
Patient01776_Plane3_2_of_5.png,0.192307692
Patient01776_Plane3_4_of_5.png,0.23255814
Patient01776_Plane3_5_of_5.png,0.192307692
Patient01779_Plane3_1_of_4.png,0.096246391
Patient01779_Plane3_3_of_4.png,0.122699387
Patient01780_Plane3_1_of_3.png,0.215982721
Patient01780_Plane3_2_of_3.png,0.215982721
Patient01781_Plane3_1_of_2.png,0.21141649
Patient01781_Plane3_2_of_2.png,0.21141649
Patient01785_Plane3_2_of_3.png,0.095238095
Patient01786_Plane3_3_of_3.png,0.101010101
Patient01787_Plane3_1_of_2.png,0.124843945
Patient01788_Plane3_1_of_1.png,0.20242915
Patient01789_Plane3_1_of_3.png,0.215982721
Patient01790_Plane3_2_of_2.png,0.117302053
Patient01791_Plane3_2_of_3.png,0.215517241
Patient01791_Plane3_3_of_3.png,0.215517241
Patient01792_Plane3_1_of_1.png,0.119617225
